scenario,hours_removed,T_sink_K,P_chem_on_W,Delta_J_expected_J_per_K,Delta_bits_expected
baseline_12h,2.0,255.0,266185403457216.03,7515823156439041.0,7.853595075930726e+38
winter_9h,2.0,255.0,354913871276288.06,1.0021097541918722e+16,1.0471460101240969e+39
summer_15h,2.0,255.0,212948322765772.84,6012658525151233.0,6.282876060744581e+38
